{
	"system" : {
		"platform" : "windows64",
		"os_name" : "Windows 10",
		"os_version" : "10.0"
	},
	"error" : {
		"executable" : "quartus",
		"comment" : "not_applicable",
		"error_message" : "end_of_selection <= m_data->get_end_time()",
		"source_file" : "/quartus/db/vdb/vdb_channel.cpp",
		"line" : "3740",
		"stack_trace" : "\t0x7fff16b8150c: db_vdb + 0x3150c (?create_level_collection@VDB_CHANNEL@@QEAAX_J0PEAVVDB_LEVEL_COLLECTION@@@Z + 0xcc)\n\t0x7ffea930b37f: edt_wedtq + 0x6b37f (??0WEDTQ_OVERWRITE_CLOCK_CMD@@QEAA@_J0HPEAVWEDTQ_WAVEFORM_VIEW@@@Z + 0x30f)\n\t0x7ffea92f8102: edt_wedtq + 0x58102 (?update_overwrite_clock@WEDTQ_WAVEFORM_VIEW@@QEAAXXZ + 0x162)\n\t 0x691bd700: QtCore4 + 0x11d700 (?activate@QMetaObject@@SAXPEAVQObject@@PEBU1@HPEAPEAX@Z + 0x520)\n\t 0x6939a09f: QtGui4 + 0xa09f (?activate@QAction@@QEAAXW4ActionEvent@1@@Z + 0xdf)\n\t 0x696d85b5: QtGui4 + 0x3485b5 (?click@QAbstractButton@@QEAAXXZ + 0x135)\n\t 0x696d9499: QtGui4 + 0x349499 (?mouseReleaseEvent@QAbstractButton@@MEAAXPEAVQMouseEvent@@@Z + 0x59)\n\t 0x69784e7e: QtGui4 + 0x3f4e7e (?mouseReleaseEvent@QToolButton@@MEAAXPEAVQMouseEvent@@@Z + 0xe)\n\t 0x693f1b84: QtGui4 + 0x61b84 (?event@QWidget@@MEAA_NPEAVQEvent@@@Z + 0xd4)\n\t 0x693b2c55: QtGui4 + 0x22c55 (?notify_helper@QApplicationPrivate@@QEAA_NPEAVQObject@@PEAVQEvent@@@Z + 0xf5)\n\t 0x693b184e: QtGui4 + 0x2184e (?notify@QApplication@@UEAA_NPEAVQObject@@PEAVQEvent@@@Z + 0x71e)\n\t 0x691aec4b: QtCore4 + 0x10ec4b (?notifyInternal@QCoreApplication@@AEAA_NPEAVQObject@@PEAVQEvent@@@Z + 0x7b)\n\t 0x693b5a9e: QtGui4 + 0x25a9e (?sendMouseEvent@QApplicationPrivate@@SA_NPEAVQWidget@@PEAVQMouseEvent@@00PEAPEAV2@AEAV?$QPointer@VQWidget@@@@_N@Z + 0x1de)\n\t 0x69416940: QtGui4 + 0x86940 (?trUtf8@QScrollBar@@SA?AVQString@@PEBD0H@Z + 0x1440)\n\t 0x6941a301: QtGui4 + 0x8a301 (?winMouseButtonUp@QApplication@@SAXXZ + 0x2761)\n\t0x7fff80308240: USER32 + 0x18240 (DispatchMessageW + 0x740)\n\t0x7fff80307d00: USER32 + 0x17d00 (DispatchMessageW + 0x200)\n\t 0x691d3982: QtCore4 + 0x133982 (?processEvents@QEventDispatcherWin32@@UEAA_NV?$QFlags@W4ProcessEventsFlag@QEventLoop@@@@@Z + 0x3e2)\n\t 0x69412004: QtGui4 + 0x82004 (?openPopup@QApplicationPrivate@@QEAAXPEAVQWidget@@@Z + 0x204)\n\t 0x691abb7b: QtCore4 + 0x10bb7b (?exec@QEventLoop@@QEAAHV?$QFlags@W4ProcessEventsFlag@QEventLoop@@@@@Z + 0x22b)\n\t 0x691ae18f: QtCore4 + 0x10e18f (?exec@QCoreApplication@@SAHXZ + 0xdf)\n\t0x7ff65ade198b: quartus + 0x198b (?qgq_main@@YAHHPEAPEBD@Z + 0x8b)\n\t0x7fff59aa3258: CCL_MSG + 0x13258 (?msg_main_thread@@YAPEAXPEAX@Z + 0x18)\n\t0x7fff59aa4a5e: CCL_MSG + 0x14a5e (?msg_thread_wrapper@@YAPEAXP6APEAXPEAX@Z0@Z + 0x6e)\n\t0x7fff59bb6af0: ccl_mem + 0x16af0 (?mem_thread_wrapper@@YAPEAXP6APEAXPEAX@Z0@Z + 0x70)\n\t0x7fff59aa2af1: CCL_MSG + 0x12af1 (?msg_exe_main@@YAHHPEAPEBDP6AHH0@Z@Z + 0xa1)\n\t0x7ff65ade2777: quartus + 0x2777 (WinMain + 0x127)\n\t0x7ff65ade1f40: quartus + 0x1f40 (__tmainCRTStartup + 0x148)\n\t0x7fff7eec257c: KERNEL32 + 0x1257c (BaseThreadInitThunk + 0x1c)\n\t0x7fff805caa57: ntdll + 0x5aa57 (RtlUserThreadStart + 0x27)\n",
		"subsystem" : "VDB"
	},
	"quartus" : {
		"quartus_bits" : "64",
		"version" : "20.1.0",
		"build" : "711",
		"edition" : "Lite Edition"
	}
}